{
  "column": {
    "dima": {
      "header": {
        "1": {
          "1": {
            "size": "56",
            "smsize": "100",
            "lgsize": "56",
            "mdsize": "56",
            "padding": "1",
            "margin": "0",
            "effect": "fadeIn",
            "istab": "no",
            "iteration": "1",
            "duration": "1500ms",
            "delay": "1s",
            "offset": "300",
            "title": "welcome"
          },
          "2": {
            "size": "16",
            "smsize": "100",
            "lgsize": "16",
            "mdsize": "16",
            "padding": "1",
            "margin": "0",
            "effect": "fadeIn",
            "istab": "no",
            "iteration": "1",
            "duration": "1500ms",
            "delay": "1s",
            "offset": "300",
            "title": "phone"
          },
          "3": {
            "size": "24",
            "smsize": "100",
            "lgsize": "24",
            "mdsize": "24",
            "padding": "1",
            "margin": "0",
            "effect": "fadeIn",
            "istab": "no",
            "iteration": "1",
            "duration": "1500ms",
            "delay": "1s",
            "offset": "300",
            "title": "search"
          }
        },
        "2": {
          "1": {
            "size": "16",
            "smsize": "100",
            "lgsize": "16",
            "mdsize": "16",
            "padding": "1",
            "margin": "0",
            "effect": "fadeIn",
            "istab": "no",
            "iteration": "1",
            "duration": "1500ms",
            "delay": "1s",
            "offset": "300",
            "title": "logo"
          },
          "2": {
            "size": "69",
            "smsize": "100",
            "lgsize": "69",
            "mdsize": "69",
            "padding": "1",
            "margin": "0",
            "effect": "fadeIn",
            "istab": "no",
            "iteration": "1",
            "duration": "1500ms",
            "delay": "1s",
            "offset": "300",
            "title": "menu"
          },
          "3": {
            "size": "16",
            "smsize": "100",
            "lgsize": "16",
            "mdsize": "16",
            "padding": "1",
            "margin": "0",
            "effect": "fadeIn",
            "istab": "no",
            "iteration": "1",
            "duration": "1500ms",
            "delay": "1s",
            "offset": "300",
            "title": "usermenu"
          }
        }
      },
      "main": {
        "1": {
          "1": {
            "size": "100",
            "smsize": "100",
            "lgsize": "100",
            "mdsize": "100",
            "padding": "1",
            "margin": "0",
            "effect": "fadeIn",
            "istab": "no",
            "iteration": "1",
            "duration": "1500ms",
            "delay": "1s",
            "offset": "300",
            "title": "hero"
          }
        },
        "2": {
          "1": {
            "size": "100",
            "smsize": "100",
            "lgsize": "100",
            "mdsize": "100",
            "padding": "1",
            "margin": "0",
            "effect": "fadeIn",
            "istab": "no",
            "iteration": "1",
            "duration": "1500ms",
            "delay": "1s",
            "offset": "300",
            "title": "featured"
          }
        },
        "3": {
          "1": {
            "size": "100",
            "smsize": "100",
            "lgsize": "100",
            "mdsize": "100",
            "padding": "1",
            "margin": "0",
            "effect": "fadeIn",
            "istab": "no",
            "iteration": "1",
            "duration": "1500ms",
            "delay": "1s",
            "offset": "300",
            "title": "cta"
          }
        },
        "4": {
          "1": {
            "size": "100",
            "smsize": "100",
            "lgsize": "100",
            "mdsize": "100",
            "padding": "1",
            "margin": "0",
            "effect": "fadeIn",
            "istab": "no",
            "iteration": "1",
            "duration": "1500ms",
            "delay": "1s",
            "offset": "300",
            "title": "latest"
          }
        }
      },
      "category": {
        "1": {
          "1": {
            "size": "74",
            "smsize": "100",
            "lgsize": "74",
            "mdsize": "74",
            "padding": "1",
            "margin": "0",
            "effect": "fadeIn",
            "istab": "no",
            "iteration": "1",
            "duration": "1500ms",
            "delay": "1s",
            "offset": "300",
            "title": "component"
          },
          "2": {
            "size": "26",
            "smsize": "100",
            "lgsize": "26",
            "mdsize": "26",
            "padding": "1",
            "margin": "0",
            "effect": "fadeIn",
            "istab": "no",
            "iteration": "1",
            "duration": "1500ms",
            "delay": "1s",
            "offset": "300",
            "title": "left",
            "items": {
              "1": {
                "size": "100",
                "smsize": "100",
                "lgsize": "100",
                "mdsize": "100",
                "padding": "1",
                "margin": "0",
                "effect": "fadeIn",
                "istab": "no",
                "iteration": "1",
                "duration": "1500ms",
                "delay": "1s",
                "offset": "300",
                "title": "category"
              },
              "2": {
                "size": "100",
                "smsize": "100",
                "lgsize": "100",
                "mdsize": "100",
                "padding": "1",
                "margin": "0",
                "effect": "fadeIn",
                "istab": "no",
                "iteration": "1",
                "duration": "1500ms",
                "delay": "1s",
                "offset": "300",
                "title": "list"
              },
              "3": {
                "size": "100",
                "smsize": "100",
                "lgsize": "100",
                "mdsize": "100",
                "padding": "1",
                "margin": "0",
                "effect": "fadeIn",
                "istab": "no",
                "iteration": "1",
                "duration": "1500ms",
                "delay": "1s",
                "offset": "300",
                "title": "menu"
              }
            }
          }
        }
      },
      "page": {
        "1": {
          "1": {
            "size": "100",
            "smsize": "100",
            "lgsize": "100",
            "mdsize": "100",
            "padding": "1",
            "margin": "0",
            "effect": "fadeIn",
            "istab": "no",
            "iteration": "1",
            "duration": "1500ms",
            "delay": "1s",
            "offset": "300",
            "title": "component"
          }
        }
      },
      "single": {
        "1": {
          "1": {
            "size": "100",
            "smsize": "100",
            "lgsize": "100",
            "mdsize": "100",
            "padding": "1",
            "margin": "0",
            "effect": "fadeIn",
            "istab": "no",
            "iteration": "1",
            "duration": "1500ms",
            "delay": "1s",
            "offset": "300",
            "title": "component"
          },
          "2": {
            "size": "100",
            "smsize": "100",
            "lgsize": "100",
            "mdsize": "100",
            "padding": "1",
            "margin": "0",
            "effect": "fadeIn",
            "istab": "no",
            "iteration": "1",
            "duration": "1500ms",
            "delay": "1s",
            "offset": "300",
            "title": "comment"
          }
        }
      },
      "footer": {
        "1": {
          "1": {
            "size": "33",
            "smsize": "100",
            "lgsize": "33",
            "mdsize": "33",
            "padding": "1",
            "margin": "0",
            "effect": "fadeIn",
            "istab": "no",
            "iteration": "1",
            "duration": "1500ms",
            "delay": "1s",
            "offset": "300",
            "title": "list"
          },
          "2": {
            "size": "33",
            "smsize": "100",
            "lgsize": "33",
            "mdsize": "33",
            "padding": "1",
            "margin": "0",
            "effect": "fadeIn",
            "istab": "no",
            "iteration": "1",
            "duration": "1500ms",
            "delay": "1s",
            "offset": "300",
            "title": "category"
          },
          "3": {
            "size": "33",
            "smsize": "100",
            "lgsize": "33",
            "mdsize": "33",
            "padding": "1",
            "margin": "0",
            "effect": "fadeIn",
            "istab": "no",
            "iteration": "1",
            "duration": "1500ms",
            "delay": "1s",
            "offset": "300",
            "title": "contactus"
          }
        },
        "2": {
          "1": {
            "size": "66",
            "smsize": "100",
            "lgsize": "66",
            "mdsize": "66",
            "padding": "1",
            "margin": "0",
            "effect": "fadeIn",
            "istab": "no",
            "iteration": "1",
            "duration": "1500ms",
            "delay": "1s",
            "offset": "300",
            "title": "footer"
          },
          "2": {
            "size": "33",
            "smsize": "100",
            "lgsize": "33",
            "mdsize": "33",
            "padding": "1",
            "margin": "0",
            "effect": "fadeIn",
            "istab": "no",
            "iteration": "1",
            "duration": "1500ms",
            "delay": "1s",
            "offset": "300",
            "title": "social"
          }
        }
      }
    }
  },
  "name": "default",
  "description": "Mitra CMS Default Template",
  "perfix": "dima",
  "unit": "%",
  "max": "12",
  "framework": "bootstrap",
  "direction": "rtl",
  "cms": "mitra",
  "author_name": "R.Balvardi",
  "author_email": "r.balvardi@gmail.com",
  "author_mobile": "+989124195066",
  "author_website": "https://www.balvardi.ir"
}